Particles,ll,Algorithm
10,768.3439099605463,Bootstrap
10,772.1713653717759,Bootstrap
10,709.5362172636254,Bootstrap
10,694.4409237926625,Bootstrap
10,713.404482670024,Bootstrap
10,628.4174904097928,Bootstrap
10,688.3510280346944,Bootstrap
10,748.686473353729,Bootstrap
10,724.4281487221959,Bootstrap
10,719.4609836678729,Bootstrap
10,755.9276422711979,Bootstrap
10,770.9091117981702,Bootstrap
10,745.5920145548273,Bootstrap
10,710.7631062293831,Bootstrap
10,749.9707410228355,Bootstrap
10,701.970273568109,Bootstrap
10,768.9142339070149,Bootstrap
10,740.4239343704186,Bootstrap
10,775.2855012659384,Bootstrap
10,740.4803945974273,Bootstrap
10,769.2546767082281,Bootstrap
10,712.7199352403543,Bootstrap
10,707.2913841802808,Bootstrap
10,725.622880203256,Bootstrap
10,699.7915813726116,Bootstrap
10,764.6540015125381,Bootstrap
10,769.8375296457032,Bootstrap
10,710.8082902295323,Bootstrap
10,688.8965959186237,Bootstrap
10,667.1992530379767,Bootstrap
10,689.8018024489572,Bootstrap
10,790.2746560708905,Bootstrap
10,825.4786068368279,Bootstrap
10,797.9327534590961,Bootstrap
10,756.1172932124457,Bootstrap
10,771.2961222034389,Bootstrap
10,758.5388883635559,Bootstrap
10,785.6993485595927,Bootstrap
10,683.0443269046468,Bootstrap
10,733.4601890786068,Bootstrap
10,800.6494847557309,Bootstrap
10,783.2997160188999,Bootstrap
10,678.311600163029,Bootstrap
10,719.2590366366167,Bootstrap
10,729.8713707691434,Bootstrap
10,739.4985702354808,Bootstrap
10,784.7234425415004,Bootstrap
10,695.6155625884033,Bootstrap
10,721.5475275432036,Bootstrap
10,747.6803152055255,Bootstrap
10,729.0809097046616,Bootstrap
10,663.5292039970709,Bootstrap
10,766.3266117157918,Bootstrap
10,703.1580507328475,Bootstrap
10,725.1574876963617,Bootstrap
10,763.5061008117353,Bootstrap
10,723.0391212042551,Bootstrap
10,696.283680914544,Bootstrap
10,691.0641358538567,Bootstrap
10,658.1300853010308,Bootstrap
10,656.2929780205199,Bootstrap
10,705.0170613872771,Bootstrap
10,817.7277268397102,Bootstrap
10,686.1851999325938,Bootstrap
10,735.8639216323983,Bootstrap
10,726.9274692416899,Bootstrap
10,787.1459432708622,Bootstrap
10,569.7427869507915,Bootstrap
10,730.1490178802326,Bootstrap
10,717.4427931199316,Bootstrap
10,755.5679665341905,Bootstrap
10,687.4672307469648,Bootstrap
10,730.2639021456364,Bootstrap
10,732.1389397024483,Bootstrap
10,724.3377123022246,Bootstrap
10,772.4032815773771,Bootstrap
10,786.4021869281357,Bootstrap
10,784.6328776881974,Bootstrap
10,774.1661082577516,Bootstrap
10,761.6504940912647,Bootstrap
10,786.0029783154383,Bootstrap
10,747.5414141853696,Bootstrap
10,657.820047750626,Bootstrap
10,804.2915443881135,Bootstrap
10,620.214479038428,Bootstrap
10,713.2476850031472,Bootstrap
10,760.3616651260373,Bootstrap
10,678.630512104176,Bootstrap
10,754.762397560897,Bootstrap
10,738.8478757712568,Bootstrap
10,671.352978075534,Bootstrap
10,740.0727344792979,Bootstrap
10,756.6507456931284,Bootstrap
10,686.0948661703402,Bootstrap
10,692.4182941899702,Bootstrap
10,700.6687800004394,Bootstrap
10,785.8466077066333,Bootstrap
10,734.2981486778376,Bootstrap
10,725.7089208483723,Bootstrap
10,786.0188592414106,Bootstrap
10,860.7399947904593,Twisted
10,863.0164169128242,Twisted
10,880.7937626329949,Twisted
10,869.9868048133326,Twisted
10,871.4662349067004,Twisted
10,855.3242694887794,Twisted
10,867.5808416875337,Twisted
10,865.8258561078569,Twisted
10,871.922943504093,Twisted
10,874.3245777620979,Twisted
10,859.4607633860771,Twisted
10,865.973756694126,Twisted
10,854.6080771343151,Twisted
10,855.8603536805131,Twisted
10,877.340086378372,Twisted
10,868.9596503472802,Twisted
10,868.3431877434235,Twisted
10,864.1999616923081,Twisted
10,841.64079559746,Twisted
10,861.3457628412431,Twisted
10,870.8681251797998,Twisted
10,864.849460912544,Twisted
10,874.1711792159829,Twisted
10,868.8773147982988,Twisted
10,874.3528201315925,Twisted
10,861.3301747523271,Twisted
10,855.1206194582713,Twisted
10,866.6956557456892,Twisted
10,852.4091520546868,Twisted
10,842.8574112938143,Twisted
10,872.5079092561151,Twisted
10,876.8985407916192,Twisted
10,852.5348656147214,Twisted
10,858.3767858588214,Twisted
10,875.1906905825341,Twisted
10,854.202748904733,Twisted
10,868.4149783669653,Twisted
10,872.7172092678676,Twisted
10,860.9953089227566,Twisted
10,856.4401051933123,Twisted
10,858.1099609833997,Twisted
10,865.9781607272669,Twisted
10,870.5671108867383,Twisted
10,868.1621383539818,Twisted
10,866.710682493985,Twisted
10,863.8131492756248,Twisted
10,843.2115348684945,Twisted
10,869.9004055494722,Twisted
10,873.0342272825987,Twisted
10,844.9391042836683,Twisted
10,884.7886813065785,Twisted
10,875.9780559560772,Twisted
10,879.3847794530474,Twisted
10,874.498723921397,Twisted
10,875.8484396961256,Twisted
10,864.1492213719195,Twisted
10,859.7146864906553,Twisted
10,863.3201284385624,Twisted
10,870.4440141314633,Twisted
10,877.2482954920225,Twisted
10,878.4754751988539,Twisted
10,863.7939631746661,Twisted
10,878.8950843256465,Twisted
10,877.5889769675357,Twisted
10,839.006280788013,Twisted
10,858.3399734217348,Twisted
10,862.5390216294593,Twisted
10,851.222785267026,Twisted
10,865.6918649300671,Twisted
10,846.9102059828786,Twisted
10,858.2087107932834,Twisted
10,877.9906919049805,Twisted
10,845.9697291515702,Twisted
10,877.3290968743563,Twisted
10,866.8811440064067,Twisted
10,859.5068863823955,Twisted
10,869.8049331817989,Twisted
10,849.0116661298044,Twisted
10,878.1158734627109,Twisted
10,862.9344971005013,Twisted
10,865.7443581008289,Twisted
10,885.9333236105663,Twisted
10,853.0904544737327,Twisted
10,870.6270015574064,Twisted
10,867.8374566171921,Twisted
10,861.2726917559253,Twisted
10,876.8122334223673,Twisted
10,880.2394947073319,Twisted
10,852.2882153978953,Twisted
10,856.8246915408953,Twisted
10,854.9156129440665,Twisted
10,871.9831770486971,Twisted
10,872.8183897557742,Twisted
10,877.1726964346153,Twisted
10,864.8335834449813,Twisted
10,872.6917040020924,Twisted
10,857.0679864314834,Twisted
10,868.3670453101107,Twisted
10,886.1300677169461,Twisted
10,862.2150513868272,Twisted
50,860.779653446841,Bootstrap
50,885.0201423559245,Bootstrap
50,862.5775397912315,Bootstrap
50,879.0840113631851,Bootstrap
50,873.0279035665422,Bootstrap
50,834.2312322987647,Bootstrap
50,874.1718878757343,Bootstrap
50,867.1670187899566,Bootstrap
50,850.7647446618337,Bootstrap
50,877.4766888721825,Bootstrap
50,859.4102856415415,Bootstrap
50,860.45741767164,Bootstrap
50,859.8932396300942,Bootstrap
50,857.4331621642398,Bootstrap
50,854.7070263447845,Bootstrap
50,844.2767187714154,Bootstrap
50,836.2979028798308,Bootstrap
50,858.048788557859,Bootstrap
50,884.0789683402735,Bootstrap
50,879.8484936449097,Bootstrap
50,859.7986250092578,Bootstrap
50,887.7311110121495,Bootstrap
50,864.3679933346721,Bootstrap
50,851.4250383584125,Bootstrap
50,871.0585147937093,Bootstrap
50,858.1815467483713,Bootstrap
50,863.8385185104055,Bootstrap
50,846.8675710601974,Bootstrap
50,861.4133415382793,Bootstrap
50,883.0867857036117,Bootstrap
50,854.475651419877,Bootstrap
50,827.2005609755225,Bootstrap
50,858.5190203967294,Bootstrap
50,866.5796041620038,Bootstrap
50,876.4986883561377,Bootstrap
50,856.619332696147,Bootstrap
50,855.9707201647827,Bootstrap
50,857.8243391538258,Bootstrap
50,852.5290900897144,Bootstrap
50,849.460454513486,Bootstrap
50,866.3865212416114,Bootstrap
50,865.4338712663014,Bootstrap
50,856.4045501736666,Bootstrap
50,859.2948169321376,Bootstrap
50,867.0399741961648,Bootstrap
50,867.8775443164958,Bootstrap
50,874.9336924958651,Bootstrap
50,867.490001647733,Bootstrap
50,880.8990402138508,Bootstrap
50,865.1529257006625,Bootstrap
50,873.1989362349775,Bootstrap
50,871.6139668110544,Bootstrap
50,878.3805785696582,Bootstrap
50,860.5791044726099,Bootstrap
50,853.8945467847068,Bootstrap
50,859.3256255342675,Bootstrap
50,865.1650406571283,Bootstrap
50,863.1287772059496,Bootstrap
50,851.3279612859185,Bootstrap
50,850.6881676250531,Bootstrap
50,864.4821997477351,Bootstrap
50,838.0418841225749,Bootstrap
50,862.1414283709424,Bootstrap
50,881.3590332147725,Bootstrap
50,864.1735462055934,Bootstrap
50,855.5489349576953,Bootstrap
50,865.4891306645047,Bootstrap
50,871.2695486833943,Bootstrap
50,863.4143757020754,Bootstrap
50,854.7355982511051,Bootstrap
50,857.4078902428687,Bootstrap
50,876.1455842470688,Bootstrap
50,870.1593988566885,Bootstrap
50,871.9966169594975,Bootstrap
50,858.8764507822756,Bootstrap
50,858.1895827730591,Bootstrap
50,847.0795034514163,Bootstrap
50,868.0493849160439,Bootstrap
50,863.2227475266867,Bootstrap
50,880.5368567431224,Bootstrap
50,872.247357631192,Bootstrap
50,881.4502431580071,Bootstrap
50,860.2278053570531,Bootstrap
50,882.1279199393751,Bootstrap
50,867.5124304391912,Bootstrap
50,874.6230799872835,Bootstrap
50,869.3827415262646,Bootstrap
50,855.0779228069109,Bootstrap
50,865.955022323695,Bootstrap
50,863.2396850760098,Bootstrap
50,858.0670505456775,Bootstrap
50,865.0654625299748,Bootstrap
50,848.0044573970363,Bootstrap
50,867.2631621514588,Bootstrap
50,859.5623428692998,Bootstrap
50,857.6346561579006,Bootstrap
50,865.218532855337,Bootstrap
50,870.8602994681949,Bootstrap
50,861.8682708887623,Bootstrap
50,874.9297823806957,Bootstrap
50,895.3996814309014,Twisted
50,903.5790742106564,Twisted
50,894.8168051278673,Twisted
50,892.3704484821249,Twisted
50,891.3242384659088,Twisted
50,894.6529822674811,Twisted
50,884.3609514386634,Twisted
50,895.3580856368463,Twisted
50,889.4206729739076,Twisted
50,898.7677545500209,Twisted
50,893.9208751201571,Twisted
50,897.5533287716165,Twisted
50,895.137649650952,Twisted
50,897.5387243842887,Twisted
50,897.4737570402567,Twisted
50,896.5591326538462,Twisted
50,898.799830459426,Twisted
50,893.0323012389136,Twisted
50,892.2208789678349,Twisted
50,893.7464293195973,Twisted
50,894.6441550706055,Twisted
50,893.131424077925,Twisted
50,895.8311582517814,Twisted
50,893.7096621462324,Twisted
50,894.7171440821037,Twisted
50,899.1519045538904,Twisted
50,896.6833459819592,Twisted
50,893.9981940491559,Twisted
50,893.0980884187921,Twisted
50,894.5271848828739,Twisted
50,893.8283823280423,Twisted
50,894.7702016751316,Twisted
50,903.2488719292529,Twisted
50,894.3386151537014,Twisted
50,900.3336951549716,Twisted
50,887.0300890360267,Twisted
50,891.2651921296134,Twisted
50,890.3810781475922,Twisted
50,891.0700976915494,Twisted
50,902.4978932115719,Twisted
50,894.4465485371619,Twisted
50,889.720605119326,Twisted
50,898.4404919614393,Twisted
50,897.9580898186526,Twisted
50,900.0314135116334,Twisted
50,892.7755792911873,Twisted
50,896.0613596988733,Twisted
50,895.3160842718086,Twisted
50,893.2289681290579,Twisted
50,899.9048751545533,Twisted
50,897.8647796765495,Twisted
50,894.1810503006186,Twisted
50,890.9129188158502,Twisted
50,888.4504930355581,Twisted
50,899.4634913165632,Twisted
50,899.0843845893894,Twisted
50,893.3410652864621,Twisted
50,894.2610826752345,Twisted
50,897.7924116284696,Twisted
50,899.4733717714793,Twisted
50,894.8833560130769,Twisted
50,894.3940423159539,Twisted
50,894.2562395161136,Twisted
50,893.7151328203659,Twisted
50,889.5494185837211,Twisted
50,897.2260926607798,Twisted
50,899.7001166034526,Twisted
50,896.4014105904887,Twisted
50,897.1797867783816,Twisted
50,892.1177517966868,Twisted
50,902.1293068655042,Twisted
50,893.1305304014,Twisted
50,896.0014816140919,Twisted
50,895.114307299738,Twisted
50,897.7232120026132,Twisted
50,894.6927790506444,Twisted
50,892.2537652821335,Twisted
50,892.621749850837,Twisted
50,896.1819561312656,Twisted
50,890.910785730297,Twisted
50,895.5836961441588,Twisted
50,894.4841263485584,Twisted
50,900.3732567616366,Twisted
50,900.2349813126707,Twisted
50,900.1597176896379,Twisted
50,896.3857948013847,Twisted
50,890.2100803255452,Twisted
50,891.7299680274137,Twisted
50,891.6316904959707,Twisted
50,899.1955828966643,Twisted
50,899.366987339388,Twisted
50,898.3911595469971,Twisted
50,891.7452096796441,Twisted
50,898.4148043926633,Twisted
50,892.386765485177,Twisted
50,893.6727050514032,Twisted
50,900.5276693993881,Twisted
50,895.7214146392253,Twisted
50,891.8612159991693,Twisted
50,892.832296906341,Twisted
100,890.5032932848368,Bootstrap
100,869.0670741071325,Bootstrap
100,885.8727969094123,Bootstrap
100,874.0845224255645,Bootstrap
100,890.9136811196372,Bootstrap
100,878.4262821717459,Bootstrap
100,876.4276737319196,Bootstrap
100,875.8358727976953,Bootstrap
100,884.3200410202014,Bootstrap
100,875.4900907297011,Bootstrap
100,885.7982590125845,Bootstrap
100,884.4518683875989,Bootstrap
100,860.1167460266954,Bootstrap
100,882.0647875513134,Bootstrap
100,869.9378003470597,Bootstrap
100,881.3003245097143,Bootstrap
100,883.3075826075933,Bootstrap
100,870.0333889892922,Bootstrap
100,880.493942776431,Bootstrap
100,870.7612288101182,Bootstrap
100,870.0843983563494,Bootstrap
100,883.9289704418587,Bootstrap
100,878.8199776234704,Bootstrap
100,858.2717312587288,Bootstrap
100,880.6016499793633,Bootstrap
100,878.48931219717,Bootstrap
100,870.3848737593585,Bootstrap
100,875.3786680185777,Bootstrap
100,882.0075713609717,Bootstrap
100,884.1773593319995,Bootstrap
100,883.176035378012,Bootstrap
100,897.8600588751877,Bootstrap
100,871.7308366172199,Bootstrap
100,874.7553693166001,Bootstrap
100,871.8316447837861,Bootstrap
100,877.1851350449244,Bootstrap
100,871.312686029162,Bootstrap
100,873.1896530685763,Bootstrap
100,868.77939826094,Bootstrap
100,883.6459766364299,Bootstrap
100,880.2450453943856,Bootstrap
100,881.9439308737924,Bootstrap
100,876.5824462986501,Bootstrap
100,879.8236927691977,Bootstrap
100,872.2965992790482,Bootstrap
100,878.0167211875597,Bootstrap
100,882.5140894735516,Bootstrap
100,885.283722144384,Bootstrap
100,882.5448259597349,Bootstrap
100,884.2287509744264,Bootstrap
100,868.9557547358248,Bootstrap
100,880.5745727456458,Bootstrap
100,883.3290631340051,Bootstrap
100,885.8151060813948,Bootstrap
100,880.3353445540464,Bootstrap
100,883.9188289329738,Bootstrap
100,881.9922199073919,Bootstrap
100,878.0935225912127,Bootstrap
100,882.6197253794957,Bootstrap
100,873.3967337008769,Bootstrap
100,880.4293541566294,Bootstrap
100,880.6351496777534,Bootstrap
100,884.4175543918877,Bootstrap
100,893.9149606889617,Bootstrap
100,873.1087368476032,Bootstrap
100,876.0695479354589,Bootstrap
100,879.6564552016165,Bootstrap
100,885.5276455173852,Bootstrap
100,879.7691941161171,Bootstrap
100,891.1171683373067,Bootstrap
100,876.8516809318759,Bootstrap
100,874.5299370892274,Bootstrap
100,879.5618272181645,Bootstrap
100,891.602523629822,Bootstrap
100,882.613043140143,Bootstrap
100,871.4578553095206,Bootstrap
100,875.1489348689391,Bootstrap
100,893.1931231007192,Bootstrap
100,878.28161588443,Bootstrap
100,876.0074110927243,Bootstrap
100,889.6333439396103,Bootstrap
100,884.5829197598387,Bootstrap
100,883.6506793664518,Bootstrap
100,886.3068011468547,Bootstrap
100,881.3420118992951,Bootstrap
100,869.0916044301775,Bootstrap
100,873.2378433320737,Bootstrap
100,889.0842215943737,Bootstrap
100,882.9152840389627,Bootstrap
100,877.0848363897545,Bootstrap
100,870.5783414722074,Bootstrap
100,882.2832388989699,Bootstrap
100,882.4186780234239,Bootstrap
100,886.7615772385279,Bootstrap
100,875.9178192280469,Bootstrap
100,882.0180449699287,Bootstrap
100,871.180955753558,Bootstrap
100,878.0237628059274,Bootstrap
100,875.9670985805766,Bootstrap
100,872.423614103525,Bootstrap
500,892.8528377163326,Bootstrap
500,891.4876616270786,Bootstrap
500,890.1160534772453,Bootstrap
500,890.9852735660286,Bootstrap
500,898.4487359710156,Bootstrap
500,892.6793653953044,Bootstrap
500,895.1339904243505,Bootstrap
500,890.5669588608665,Bootstrap
500,888.2298062181077,Bootstrap
500,889.9925602309484,Bootstrap
500,893.3341061217827,Bootstrap
500,893.5889845162445,Bootstrap
500,889.299236085616,Bootstrap
500,892.9590933376406,Bootstrap
500,898.8569292907711,Bootstrap
500,898.7227561321973,Bootstrap
500,889.2178818885166,Bootstrap
500,892.0128418023481,Bootstrap
500,893.9337615321936,Bootstrap
500,891.1125989426404,Bootstrap
500,891.888028687821,Bootstrap
500,899.8912124021656,Bootstrap
500,894.9817807941512,Bootstrap
500,896.0978712142125,Bootstrap
500,901.9773311633847,Bootstrap
500,890.6821984252382,Bootstrap
500,897.9809519431641,Bootstrap
500,897.7889575989927,Bootstrap
500,894.0213695246667,Bootstrap
500,892.6350106217706,Bootstrap
500,890.8123083505927,Bootstrap
500,898.4028004918348,Bootstrap
500,891.3484945479781,Bootstrap
500,899.2590984422324,Bootstrap
500,890.1207250438883,Bootstrap
500,888.8643010870461,Bootstrap
500,899.0589942855412,Bootstrap
500,893.5665161472323,Bootstrap
500,895.5686473676957,Bootstrap
500,895.9116603396833,Bootstrap
500,891.7897564831181,Bootstrap
500,892.2728199818715,Bootstrap
500,891.1017218560355,Bootstrap
500,887.3942765543751,Bootstrap
500,895.0374086327645,Bootstrap
500,893.4021419805864,Bootstrap
500,894.909563654486,Bootstrap
500,896.1209770568432,Bootstrap
500,893.7994586972903,Bootstrap
500,889.2565721486467,Bootstrap
500,898.596164812799,Bootstrap
500,895.1033210826304,Bootstrap
500,893.1900372463905,Bootstrap
500,892.7697972288753,Bootstrap
500,890.6198987186131,Bootstrap
500,894.343521047034,Bootstrap
500,896.0599222259267,Bootstrap
500,892.4167300378248,Bootstrap
500,892.5566374579006,Bootstrap
500,895.248092409558,Bootstrap
500,889.7035394953491,Bootstrap
500,894.4147858124153,Bootstrap
500,893.8063871313929,Bootstrap
500,895.6645010781001,Bootstrap
500,897.6352146535486,Bootstrap
500,902.1381414659778,Bootstrap
500,898.5477857298815,Bootstrap
500,890.833358065232,Bootstrap
500,893.8759453583424,Bootstrap
500,892.9353600336283,Bootstrap
500,892.7037746461136,Bootstrap
500,896.0423207114429,Bootstrap
500,900.4385946453311,Bootstrap
500,885.781279358832,Bootstrap
500,900.998639425123,Bootstrap
500,899.2817332990967,Bootstrap
500,899.463059030956,Bootstrap
500,888.0988445111954,Bootstrap
500,894.1294696393956,Bootstrap
500,890.5628506335212,Bootstrap
500,892.6557515849247,Bootstrap
500,896.4222490235979,Bootstrap
500,894.7968857792605,Bootstrap
500,898.0128114460631,Bootstrap
500,890.1092842975237,Bootstrap
500,888.6838929551243,Bootstrap
500,897.6044903169526,Bootstrap
500,891.2082812290078,Bootstrap
500,891.9557807154724,Bootstrap
500,894.9337931913183,Bootstrap
500,891.3750842439177,Bootstrap
500,891.2794413173282,Bootstrap
500,896.97596628858,Bootstrap
500,895.9464925882955,Bootstrap
500,896.4852005878068,Bootstrap
500,891.7136271383196,Bootstrap
500,900.0801021758028,Bootstrap
500,892.3976359788097,Bootstrap
500,891.9942189562668,Bootstrap
500,891.4523988197983,Bootstrap
1000,890.1894715079846,Bootstrap
1000,898.3523104196652,Bootstrap
1000,895.2282288208266,Bootstrap
1000,895.387908243506,Bootstrap
1000,892.0964495095319,Bootstrap
1000,893.3976507057404,Bootstrap
1000,899.0592191288512,Bootstrap
1000,894.7905849134687,Bootstrap
1000,892.6488181441921,Bootstrap
1000,895.6176769647734,Bootstrap
1000,897.2163637436558,Bootstrap
1000,895.9112716087377,Bootstrap
1000,897.563739369715,Bootstrap
1000,897.9716050608089,Bootstrap
1000,897.9704700083005,Bootstrap
1000,896.9640042557811,Bootstrap
1000,900.0350300295845,Bootstrap
1000,897.933681671666,Bootstrap
1000,894.561040535598,Bootstrap
1000,899.5832358385084,Bootstrap
1000,893.6748509671369,Bootstrap
1000,897.55035349967,Bootstrap
1000,897.8842778239825,Bootstrap
1000,895.9482044419602,Bootstrap
1000,897.765241655964,Bootstrap
1000,903.3333019248257,Bootstrap
1000,896.0516973438904,Bootstrap
1000,899.4500935452238,Bootstrap
1000,902.6280269935384,Bootstrap
1000,895.9606866538367,Bootstrap
1000,898.5253431943845,Bootstrap
1000,896.9176083489137,Bootstrap
1000,897.0483584107553,Bootstrap
1000,896.6830394685629,Bootstrap
1000,898.6909268964516,Bootstrap
1000,897.5794341164776,Bootstrap
1000,895.50046453499,Bootstrap
1000,893.6718600787051,Bootstrap
1000,894.4106483047976,Bootstrap
1000,899.0738449920212,Bootstrap
1000,897.6070560404555,Bootstrap
1000,900.6570122128339,Bootstrap
1000,895.8898544492835,Bootstrap
1000,895.1808214933367,Bootstrap
1000,898.0966412541575,Bootstrap
1000,894.6904758820781,Bootstrap
1000,895.2324638876771,Bootstrap
1000,899.9422088147576,Bootstrap
1000,897.6089515744279,Bootstrap
1000,899.738954597668,Bootstrap
1000,898.2906070598187,Bootstrap
1000,901.7885052022918,Bootstrap
1000,893.2549409737254,Bootstrap
1000,897.9937131825814,Bootstrap
1000,898.0734128593513,Bootstrap
1000,898.2874765509036,Bootstrap
1000,900.4642417274024,Bootstrap
1000,893.1858680257194,Bootstrap
1000,895.1489889253002,Bootstrap
1000,893.3578460602936,Bootstrap
1000,890.3546406055278,Bootstrap
1000,895.8423374689754,Bootstrap
1000,896.8706621401004,Bootstrap
1000,898.4269800667751,Bootstrap
1000,897.7756228763124,Bootstrap
1000,900.5417564050898,Bootstrap
1000,897.2992410105666,Bootstrap
1000,894.7577939293187,Bootstrap
1000,897.0693552276225,Bootstrap
1000,893.9427547535788,Bootstrap
1000,896.3960610254107,Bootstrap
1000,894.4010806712073,Bootstrap
1000,902.9888282825416,Bootstrap
1000,891.737434992091,Bootstrap
1000,897.7836522172548,Bootstrap
1000,898.3552525951064,Bootstrap
1000,902.3643705724431,Bootstrap
1000,896.9392639567702,Bootstrap
1000,898.2705820250642,Bootstrap
1000,891.565469788479,Bootstrap
1000,896.4922683753075,Bootstrap
1000,894.7878102019173,Bootstrap
1000,899.7255028702026,Bootstrap
1000,900.4470112583485,Bootstrap
1000,894.9497987075432,Bootstrap
1000,894.4978537548515,Bootstrap
1000,897.1684616170938,Bootstrap
1000,893.3959591107049,Bootstrap
1000,897.7175376816703,Bootstrap
1000,902.3395609412202,Bootstrap
1000,897.7634879973523,Bootstrap
1000,897.7419037087826,Bootstrap
1000,893.752472779357,Bootstrap
1000,896.7591732278821,Bootstrap
1000,893.6996317904124,Bootstrap
1000,897.3928342539094,Bootstrap
1000,901.4680517236282,Bootstrap
1000,899.5189599146711,Bootstrap
1000,894.134593985731,Bootstrap
1000,897.5252753849372,Bootstrap
100,894.0073883902515,Twisted
100,900.8297102626912,Twisted
100,897.5794636061077,Twisted
100,896.1629256497667,Twisted
100,897.2471993049265,Twisted
100,903.2812486269149,Twisted
100,900.1942606266605,Twisted
100,898.3050204142197,Twisted
100,898.0484632367715,Twisted
100,896.5796963329948,Twisted
100,898.7655557049274,Twisted
100,897.3987058285537,Twisted
100,896.9400564908989,Twisted
100,896.127500244072,Twisted
100,899.7185889881084,Twisted
100,896.7582344102443,Twisted
100,896.0300228403898,Twisted
100,898.0322648026818,Twisted
100,896.7471816939875,Twisted
100,894.256151178082,Twisted
100,898.4025941710868,Twisted
100,895.593083242315,Twisted
100,898.9277812189905,Twisted
100,899.0667460624713,Twisted
100,901.8602725787574,Twisted
100,897.5742220418607,Twisted
100,896.3484437722475,Twisted
100,901.7531710963988,Twisted
100,895.093923226913,Twisted
100,894.580504949086,Twisted
100,898.9678691414014,Twisted
100,897.560061661591,Twisted
100,897.9738079124842,Twisted
100,894.3119849309496,Twisted
100,896.7778862025394,Twisted
100,890.9249256199299,Twisted
100,896.7410522861165,Twisted
100,897.1604940868907,Twisted
100,896.4234707457587,Twisted
100,898.4925773677313,Twisted
100,897.1886467043726,Twisted
100,900.1392634547319,Twisted
100,893.4062407504591,Twisted
100,897.8406862523567,Twisted
100,897.8995610108465,Twisted
100,896.9492547432731,Twisted
100,901.1931858312754,Twisted
100,897.2512228820887,Twisted
100,900.3380614444935,Twisted
100,893.6133254929714,Twisted
100,897.475846306306,Twisted
100,901.3428085080943,Twisted
100,893.8576759223474,Twisted
100,894.274301677746,Twisted
100,893.2908120035045,Twisted
100,894.0495135933357,Twisted
100,896.1968111455868,Twisted
100,895.9807361441448,Twisted
100,896.4838533714433,Twisted
100,900.4306577046873,Twisted
100,899.3146618968003,Twisted
100,893.7829678713242,Twisted
100,898.7130223159053,Twisted
100,897.9835714932065,Twisted
100,898.9785726451389,Twisted
100,895.8184077480471,Twisted
100,896.0686963639432,Twisted
100,897.6421946571465,Twisted
100,899.6983541361526,Twisted
100,895.8509937099193,Twisted
100,900.3270825436891,Twisted
100,898.8744072284168,Twisted
100,896.7725211904323,Twisted
100,897.8472351201923,Twisted
100,897.3816865570205,Twisted
100,897.4406457526144,Twisted
100,899.8000396994386,Twisted
100,897.5291664485339,Twisted
100,900.3930402253434,Twisted
100,894.2976609547097,Twisted
100,901.0388345671607,Twisted
100,893.6634515541816,Twisted
100,899.8284671374189,Twisted
100,895.9070269540771,Twisted
100,899.123666559055,Twisted
100,896.4278223243376,Twisted
100,893.1334771132093,Twisted
100,900.461793503478,Twisted
100,898.999551767274,Twisted
100,895.6017355099538,Twisted
100,901.8683978574179,Twisted
100,900.4406567456659,Twisted
100,898.5927303166254,Twisted
100,897.0310299248806,Twisted
100,897.7963424116488,Twisted
100,893.7838285046646,Twisted
100,902.7301560081135,Twisted
100,899.3627977943298,Twisted
100,895.400634312207,Twisted
100,900.8815055183127,Twisted
500,902.3277370879729,Twisted
500,900.902194031571,Twisted
500,899.1978400431869,Twisted
500,899.0394529550172,Twisted
500,900.8131845041121,Twisted
500,901.6919647413588,Twisted
500,901.2056276887641,Twisted
500,901.2777150044077,Twisted
500,899.0002893517677,Twisted
500,899.9527972938328,Twisted
500,901.1548421262759,Twisted
500,901.6198309579044,Twisted
500,900.5914608394501,Twisted
500,898.6994555900171,Twisted
500,900.3888310631249,Twisted
500,900.1105883541957,Twisted
500,901.228484266249,Twisted
500,900.5309960982999,Twisted
500,899.9713218997537,Twisted
500,899.7601534535748,Twisted
500,899.0412623557247,Twisted
500,900.4288126318942,Twisted
500,901.5176721773788,Twisted
500,901.6138030393635,Twisted
500,900.4496995284355,Twisted
500,901.3010158951865,Twisted
500,900.1969963324581,Twisted
500,899.0345387563498,Twisted
500,900.776225681706,Twisted
500,901.5561312725873,Twisted
500,899.3642001255413,Twisted
500,899.9699863611412,Twisted
500,901.7638449580489,Twisted
500,900.6195865558155,Twisted
500,900.4431841071049,Twisted
500,900.8219511287167,Twisted
500,898.655768478375,Twisted
500,900.2774044424096,Twisted
500,899.8148870297606,Twisted
500,898.7928521846083,Twisted
500,902.3927715526456,Twisted
500,901.508266716158,Twisted
500,899.6279275461904,Twisted
500,899.4014268104897,Twisted
500,903.0635588743921,Twisted
500,902.7035070382334,Twisted
500,897.7597370739293,Twisted
500,899.490450088583,Twisted
500,900.9897766489173,Twisted
500,900.9910461760157,Twisted
500,900.3873155447044,Twisted
500,900.4070703955562,Twisted
500,900.0385170054659,Twisted
500,900.8799690992666,Twisted
500,900.205579199473,Twisted
500,900.0669470071034,Twisted
500,901.5733024616163,Twisted
500,899.8414308221359,Twisted
500,899.7561693683051,Twisted
500,902.1163401355458,Twisted
500,900.6098493502893,Twisted
500,901.6039536243148,Twisted
500,902.0669821870233,Twisted
500,900.0789472945652,Twisted
500,898.991556822204,Twisted
500,901.1193162660644,Twisted
500,900.4542048934354,Twisted
500,898.8066657174824,Twisted
500,900.2414212106378,Twisted
500,900.5706366134766,Twisted
500,900.383613266576,Twisted
500,899.097196944746,Twisted
500,899.873671028124,Twisted
500,904.044349085347,Twisted
500,899.0678277049708,Twisted
500,900.2604481147695,Twisted
500,900.8170350616191,Twisted
500,899.9781566987881,Twisted
500,899.3696261773943,Twisted
500,900.2708275024931,Twisted
500,899.4092501013554,Twisted
500,901.5812745744529,Twisted
500,899.7060011273912,Twisted
500,898.1485785044432,Twisted
500,900.656834107287,Twisted
500,900.0120342346673,Twisted
500,899.5694215994198,Twisted
500,899.8575232424554,Twisted
500,902.353863408392,Twisted
500,900.1658857057913,Twisted
500,900.3290235127562,Twisted
500,900.8770155301894,Twisted
500,901.6202717911103,Twisted
500,900.8454571483336,Twisted
500,899.9360432716426,Twisted
500,902.4908481443293,Twisted
500,900.2550583875992,Twisted
500,901.1748638486488,Twisted
500,902.9052347220722,Twisted
500,900.9617014468658,Twisted

